{"AUC": 0.755825, "TP": null, "TN": null, "loss": 0.63285}
