{"AUC": 0.65175, "TP": 44, "TN": 122, "loss": 0.86015}
