{"AUC": 0.63153, "TP": 108, "TN": 662, "last_score": 0.69038}
