{"AUC":0.71038, "TP":152, "TN":757, "took":114.17, "loss":0.87493}
