{"AUC": 0.72839, "TP": 148, "TN": 797, "loss": 0.69739}
