{"AUC": 0.65454, "TP": 48, "TN": 126, "loss": 0.84155}
