{"AUC": 0.74931, "TP": 181, "TN": 854, "loss": 0.64274}
