{"AUC": 0.73906, "TP": 162, "TN": 816, "loss": 0.68985}
