{"AUC":0.70375, "TP":142, "TN":722, "took":112.71, "loss":0.87925}
