{"AUC": 0.76589, "TP": 192, "TN": 904, "loss": 0.63285}
