{"AUC": 0.57638, "last_score": 0.71626}
