{"AUC":0.65863, "TP":109, "TN":688, "took":75.18, "loss":0.92847}
