{"AUC":0.748479, "TP":188, "TN":859, "took":145.02, "loss":0.86349}
