{"AUC":0.65916, "TP":113, "TN":691, "took":73.26, "loss":0.92141}
