{"AUC": 0.73095, "TP": 151, "TN": 798, "loss": 0.69648}
