{"AUC": 0.63318, "TP": 108, "TN": 671, "last_score": 0.68910}
