{"AUC": 0.63163, "TP": 107, "TN": 662, "last_score": 0.69042}
