{"AUC":0.7326402, "TP":164, "TN":795, "took":146.38, "loss":0.86818}
