{"AUC":0.75194, "TP":190, "TN":895, "took":204.83, "loss":0.85480}
