{"AUC":0.739301, "TP":174, "TN":808, "took":141.94, "loss":0.86739}
