{"AUC": 0.78461, "TP": 204, "TN": 938, "loss": 0.63285}
