{"AUC":0.69147, "TP":137, "TN":721, "took":103.75, "loss":0.88139}
