{"AUC": 0.75195, "TP": 183, "TN": 860, "loss": 0.63854}
