{"AUC":0.70328, "TP":140, "TN":722, "took":103.91, "loss":0.88035}
