{"AUC": 0.62857, "last_score": 0.69285}
