{"AUC":0.731859, "TP":161, "TN":787, "took":137.84, "loss":0.86947}
