{"AUC": 0.65647, "TP": 50, "TN": 131, "loss": 0.83761}
