{"AUC": 0.65686, "TP": 50, "TN": 131, "loss": 0.83741}
