{"AUC":0.75218, "TP":190, "TN":895, "took":201.27, "loss":0.85484}
