{"AUC": 0.65492, "TP": 48, "TN": 128, "loss": 0.84102}
