{"AUC": 0.58495, "last_score": 0.72482}
