{"AUC": 0.755383, "TP": 185, "TN": 892, "loss": 0.63285}
