{"AUC": 0.62957, "last_score": 0.69210}
