{"AUC":0.75239, "TP":190, "TN":896, "took":199.93, "loss":0.85491}
