{"AUC":0.732395, "TP":163, "TN":791, "took":138.18, "loss":0.86861}
