{"AUC":0.67194, "TP":126, "TN":697, "took":92.93, "loss":0.91849}
