{"AUC":0.716489, "TP":163, "TN":795, "took":138.35, "loss":0.87128}
