{"AUC": 0.754619, "TP": 185, "TN": 886, "loss": 0.63419}
