{"AUC": 0.63183, "last_score": 0.69061}
