{"AUC": 0.65334, "TP": 49, "TN": 129, "loss": 0.83947}
