{"AUC": 0.72483, "TP": 143, "TN": 791, "loss": 0.69907}
