{"AUC": 0.73713, "TP": 160, "TN": 812, "loss": 0.69051}
