{"AUC":0.745390, "TP":182, "TN":838, "took":139.48, "loss":0.86639}
