{"AUC": 0.51849, "TP": 0, "TN": null, "CV": 0.28759, "t-factor": 54}
