{"AUC": 0.65638, "TP": 50, "TN": 131, "loss": 0.83769}
