{"AUC":0.719239, "TP":168, "TN":802, "took":142.18, "loss":0.87086}
