{"AUC": 0.72091, "TP": 142, "TN": 783, "loss": 0.70840}
