{"AUC": 0.72501, "TP": 143, "TN": 792, "loss": 0.69883}
