{"AUC": 0.65630, "TP": 50, "TN": 131, "loss": 0.83756}
