{"AUC": 0.65234, "TP": 45, "TN": 122, "loss": 0.86483}
