{"AUC": 0.65378, "TP": 49, "TN": 129, "loss": 0.84391}
