{"AUC": 0.58730, "TP": 52, "TN": 371, "CV": 0.32619, "t-factor": 40}
