{"AUC": 0.75204, "TP": 182, "TN": 859, "loss": 0.63875}
