{"AUC": 0.73917, "TP": 161, "TN": 816, "loss": 0.68947}
