{"AUC":0.68150, "TP":134, "TN":717, "took":104.81, "loss":0.88348}
