{"AUC": 0.65473, "TP": 48, "TN": 127, "loss": 0.84095}
