{"AUC": 0.65535, "TP": 50, "TN": 129, "loss": 0.83845}
